0,wrbqh@gmail.com
1,azwkhdq@gmail.com
2,drmk@gmail.com
3,fxjk@gmail.com
4,lx@gmail.com
5,esrk@gmail.com
6,ys@gmail.com
7,y@gmail.com
8,dgxp@gmail.com
9,oelma@gmail.com
10,fkokcq@gmail.com
11,wko@gmail.com
12,wsmbuq@gmail.com
13,ls@gmail.com
14,is@gmail.com
15,ds@gmail.com
16,txx@gmail.com
17,trx@gmail.com
18,jtsfzfmf@gmail.com
19,rwoscf@gmail.com
20,vho@gmail.com
21,bax@gmail.com
22,qaec@gmail.com
23,vrmc@gmail.com
24,ojppr@gmail.com
25,ktp@gmail.com
26,xch@gmail.com
27,ic@gmail.com
28,cedo@gmail.com
29,gwwc@gmail.com
30,xqkc@gmail.com
31,tlgc@gmail.com
32,wtcc@gmail.com
33,ht@gmail.com
34,dt@gmail.com
35,d@gmail.com
36,v@gmail.com
37,ssqqso@gmail.com
38,s@gmail.com
39,wnq@gmail.com
40,xzq@gmail.com
41,x@gmail.com
42,g@gmail.com
43,b@gmail.com
44,wls@gmail.com
45,egs@gmail.com
46,e@gmail.com
47,ocrbto@gmail.com
48,yhab@gmail.com
49,wh@gmail.com
50,mh@gmail.com
51,rrxb@gmail.com
52,r@gmail.com
53,dtx@gmail.com
54,wt@gmail.com
55,me@gmail.com
56,m@gmail.com
57,kc@gmail.com
58,xb@gmail.com
59,em@gmail.com
60,adm@gmail.com
61,ijlgio@gmail.com
62,mhl@gmail.com
63,ijusi@gmail.com
64,opu@gmail.com
65,uyiuth@gmail.com
66,iy@gmail.com
67,fkgkbh@gmail.com
68,zruxb@gmail.com
69,ldyx@gmail.com
70,rd@gmail.com
71,wgox@gmail.com
72,bpel@gmail.com
73,hpe@gmail.com
74,aqdnw@gmail.com
75,xbd@gmail.com
76,ppa@gmail.com
77,npa@gmail.com
78,gp@gmail.com
79,ix@gmail.com
80,i@gmail.com
81,f@gmail.com
82,j@gmail.com
83,ujuiybw@gmail.com
84,u@gmail.com
85,yyu@gmail.com
86,xme@gmail.com
87,x@gmail.com
88,zje@gmail.com
89,eee@gmail.com
90,fe@gmail.com
91,tx@gmail.com
92,t@gmail.com
93,tgiekb@gmail.com
94,zfirk@gmail.com
95,fxtrk@gmail.com
96,bx@gmail.com
97,kher@gmail.com
98,pke@gmail.com
99,pdutb@gmail.com
100,wvft@gmail.com
101,uv@gmail.com
102,dv@gmail.com
103,tv@gmail.com
104,iv@gmail.com
105,ajwy@gmail.com
106,bj@gmail.com
107,wjye@gmail.com
108,jebiuz@gmail.com
109,ue@gmail.com
110,ue@gmail.com
111,vfppu@gmail.com
112,uiwvd@gmail.com
113,yvucm@gmail.com
114,jfxc@gmail.com
115,nnx@gmail.com
116,n@gmail.com
117,lpwi@gmail.com
118,flbnkp@gmail.com
119,ntb@gmail.com
120,ijdszp@gmail.com
121,vgrs@gmail.com
122,v@gmail.com
123,smr@gmail.com
124,emj@gmail.com
125,e@gmail.com
126,gwk@gmail.com
127,makcnp@gmail.com
128,ha@gmail.com
129,vy@gmail.com
130,py@gmail.com
131,lnnfn@gmail.com
132,rbsen@gmail.com
133,gfuun@gmail.com
134,nmwjn@gmail.com
135,jvqox@gmail.com
136,rcq@gmail.com
137,seg@gmail.com
138,pxg@gmail.com
139,gig@gmail.com
140,frq@gmail.com
141,pyq@gmail.com
142,rex@gmail.com
143,vctw@gmail.com
144,gwt@gmail.com
145,npt@gmail.com
146,n@gmail.com
147,gut@gmail.com
148,nbmitc@gmail.com
149,esbi@gmail.com
150,rmevqd@gmail.com
151,evyv@gmail.com
152,nv@gmail.com
153,zfpvad@gmail.com
154,wjbsa@gmail.com
155,kons@gmail.com
156,xo@gmail.com
157,nows@gmail.com
158,www@gmail.com
159,vww@gmail.com
160,kw@gmail.com
161,ew@gmail.com
162,uhvg@gmail.com
163,ubv@gmail.com
164,xiv@gmail.com
165,x@gmail.com
166,o@gmail.com
167,ad@gmail.com
168,hd@gmail.com
169,dyqke@gmail.com
170,htq@gmail.com
171,bqq@gmail.com
172,qse@gmail.com
173,vge@gmail.com
174,wve@gmail.com
175,aqz@gmail.com
176,cdnq@gmail.com
177,lppq@gmail.com
178,xp@gmail.com
179,x@gmail.com
180,i@gmail.com
181,tmbj@gmail.com
182,gm@gmail.com
183,vhgdi@gmail.com
184,eng@gmail.com
185,xwqdv@gmail.com
186,lbrkv@gmail.com
187,eetrv@gmail.com
188,dyt@gmail.com
189,ry@gmail.com
190,uy@gmail.com
191,u@gmail.com
192,hexjv@gmail.com
193,qe@gmail.com
194,ujuj@gmail.com
195,xj@gmail.com
196,x@gmail.com
197,fwwb@gmail.com
198,yqjh@gmail.com
199,vq@gmail.com
200,yuzrn@gmail.com
201,pcfr@gmail.com
202,kebdp@gmail.com
203,hdcjr@gmail.com
204,cmcoq@gmail.com
205,xrgo@gmail.com
206,bng@gmail.com
207,wmwv@gmail.com
208,sqeegu@gmail.com
209,s@gmail.com
210,s@gmail.com
211,kvzfg@gmail.com
212,rtadu@gmail.com
213,btgd@gmail.com
214,b@gmail.com
215,xjnc@gmail.com
216,x@gmail.com
217,kzdc@gmail.com
218,snd@gmail.com
219,dud@gmail.com
220,cjlfzx@gmail.com
221,c@gmail.com
222,aepkcz@gmail.com
223,re@gmail.com
224,grscyz@gmail.com
225,vr@gmail.com
226,v@gmail.com
227,qj@gmail.com
228,lcvmsz@gmail.com
229,zc@gmail.com
230,razws@gmail.com
231,mbjw@gmail.com
232,ckj@gmail.com
233,hk@gmail.com
234,jh@gmail.com
235,nump@gmail.com
236,gzkw@gmail.com
237,g@gmail.com
238,seoep@gmail.com
239,sapdz@gmail.com
240,kzud@gmail.com
241,qnu@gmail.com
242,squ@gmail.com
243,gzmp@gmail.com
244,sz@gmail.com
245,lywx@gmail.com
246,qgra@gmail.com
247,klskf@gmail.com
248,onok@gmail.com
249,lefn@gmail.com
250,oe@gmail.com
251,qosc@gmail.com
252,hss@gmail.com
253,hs@gmail.com
254,xtaunj@gmail.com
255,ft@gmail.com
256,tt@gmail.com
257,bt@gmail.com
258,ruiu@gmail.com
259,wplu@gmail.com
260,lsl@gmail.com
261,l@gmail.com
262,dgt@gmail.com
263,etw@gmail.com
264,ft@gmail.com
265,yt@gmail.com
266,pjyzxj@gmail.com
267,aj@gmail.com
268,zctz@gmail.com
269,z@gmail.com
270,f@gmail.com
271,mfrckj@gmail.com
272,gotc@gmail.com
273,g@gmail.com
274,jdac@gmail.com
275,pbtr@gmail.com
276,ienr@gmail.com
277,wpal@gmail.com
278,sp@gmail.com
279,tp@gmail.com
280,kv@gmail.com
281,lzu@gmail.com
282,xwqn@gmail.com
283,mrq@gmail.com
284,lsq@gmail.com
285,l@gmail.com
286,jzsl@gmail.com
287,pz@gmail.com
288,hcyv@gmail.com
289,h@gmail.com
290,h@gmail.com
291,biy@gmail.com
292,b@gmail.com
293,eyzf@gmail.com
294,miz@gmail.com
295,sxg@gmail.com
296,s@gmail.com
297,x@gmail.com
298,yrqwdq@gmail.com
299,cdq@gmail.com
300,nlq@gmail.com
301,ezm@gmail.com
302,ufnvovm@gmail.com
303,uadv@gmail.com
304,u@gmail.com
305,u@gmail.com
306,fud@gmail.com
307,f@gmail.com
308,nnd@gmail.com
309,cn@gmail.com
310,pn@gmail.com
311,p@gmail.com
312,oa@gmail.com
313,qskw@gmail.com
314,yzta@gmail.com
315,aet@gmail.com
316,nqcagam@gmail.com
317,rq@gmail.com
318,qq@gmail.com
319,lophoa@gmail.com
320,l@gmail.com
321,ammh@gmail.com
322,jm@gmail.com
323,sm@gmail.com
324,s@gmail.com
325,fyncea@gmail.com
326,nixyha@gmail.com
327,egpqiq@gmail.com
328,dyxq@gmail.com
329,khx@gmail.com
330,ah@gmail.com
331,hi@gmail.com
332,qi@gmail.com
333,psdgnq@gmail.com
334,ts@gmail.com
335,t@gmail.com
336,t@gmail.com
337,wtcg@gmail.com
338,jwc@gmail.com
339,nnc@gmail.com
340,fuc@gmail.com
341,ulx@gmail.com
342,pgrtsq@gmail.com
343,rglks@gmail.com
344,pg@gmail.com
345,bg@gmail.com
346,og@gmail.com
347,aiek@gmail.com
348,klbw@gmail.com
349,cjb@gmail.com
350,mpev@gmail.com
351,m@gmail.com
352,utuv@gmail.com
353,evth@gmail.com
354,jefh@gmail.com
355,vfph@gmail.com
356,cnqtp@gmail.com
357,c@gmail.com
358,eiwop@gmail.com
359,qpuap@gmail.com
360,wfpqlf@gmail.com
361,oqp@gmail.com
362,tiqevf@gmail.com
363,mobjrf@gmail.com
364,io@gmail.com
365,cbtj@gmail.com
366,sdt@gmail.com
367,jd@gmail.com
368,wd@gmail.com
369,xkuzof@gmail.com
370,qpewxf@gmail.com
371,tmjnx@gmail.com
372,maqtuob@gmail.com
373,ga@gmail.com
374,fubcu@gmail.com
375,lzb@gmail.com
376,uiinw@gmail.com
377,xluma@gmail.com
378,x@gmail.com
379,hfum@gmail.com
380,jxnv@gmail.com
381,rfn@gmail.com
382,qnju@gmail.com
383,en@gmail.com
384,lpls@gmail.com
385,hp@gmail.com
386,lgol@gmail.com
387,l@gmail.com
388,l@gmail.com
389,l@gmail.com
390,q@gmail.com
391,oq@gmail.com
392,geye@gmail.com
393,aslzv@gmail.com
394,a@gmail.com
395,d@gmail.com
396,yaxnjxr@gmail.com
397,y@gmail.com
398,dqx@gmail.com
399,dax@gmail.com
400,hxh@gmail.com
401,jx@gmail.com
402,ubfmdx@gmail.com
403,jof@gmail.com
404,j@gmail.com
405,mrr@gmail.com
406,kdij@gmail.com
407,kvi@gmail.com
408,umz@gmail.com
409,xzwq@gmail.com
410,x@gmail.com
411,yaw@gmail.com
412,eug@gmail.com
413,toq@gmail.com
414,uo@gmail.com
415,io@gmail.com
416,epts@gmail.com
417,dskgf@gmail.com
418,tpbtf@gmail.com
419,mp@gmail.com
420,m@gmail.com
421,etjif@gmail.com
422,e@gmail.com
423,osj@gmail.com
424,ynn@gmail.com
425,qskv@gmail.com
426,bajg@gmail.com
427,ldkdi@gmail.com
428,l@gmail.com
429,yeuzy@gmail.com
430,yrfiy@gmail.com
431,yof@gmail.com
432,to@gmail.com
433,sii@gmail.com
434,fkar@gmail.com
435,kjsr@gmail.com
436,sj@gmail.com
437,ce@gmail.com
438,wfcaxi@gmail.com
439,bjc@gmail.com
440,tj@gmail.com
441,qxbfbi@gmail.com
442,vub@gmail.com
443,uxrkuh@gmail.com
444,dffysi@gmail.com
445,efaphwe@gmail.com
446,lefnh@gmail.com
447,mqf@gmail.com
448,likpf@gmail.com
449,oi@gmail.com
450,ugdxf@gmail.com
451,u@gmail.com
452,wzd@gmail.com
453,sad@gmail.com
454,nwx@gmail.com
455,ugmq@gmail.com
456,daiao@gmail.com
457,d@gmail.com
458,qqi@gmail.com
459,mhi@gmail.com
460,dmi@gmail.com
461,d@gmail.com
462,gpo@gmail.com
463,wpei@gmail.com
464,hfvi@gmail.com
465,ldks@gmail.com
466,kjk@gmail.com
467,agd@gmail.com
468,lxkn@gmail.com
469,prk@gmail.com
470,p@gmail.com
471,mmrw@gmail.com
472,wqtw@gmail.com
473,glt@gmail.com
474,ozgbeppc@gmail.com
475,vxdfapp@gmail.com
476,ikiba@gmail.com
477,iidxa@gmail.com
478,i@gmail.com
479,x@gmail.com
480,c@gmail.com
481,kahx@gmail.com
482,ivvc@gmail.com
483,qzkd@gmail.com
484,bxcp@gmail.com
485,sgc@gmail.com
486,khv@gmail.com
487,cxwcg@gmail.com
488,ox@gmail.com
489,o@gmail.com
490,csqc@gmail.com
491,uizt@gmail.com
492,voz@gmail.com
493,yo@gmail.com
494,gs@gmail.com
495,g@gmail.com
496,g@gmail.com
497,g@gmail.com
498,ah@gmail.com
499,fxj@gmail.com
500,etazi@gmail.com
501,ownyzp@gmail.com
502,wkqy@gmail.com
503,ujwxbnyd@gmail.com
504,bgmub@gmail.com
505,gyjmb@gmail.com
506,inqm@gmail.com
507,hn@gmail.com
508,kn@gmail.com
509,nlnm@gmail.com
510,n@gmail.com
511,stqm@gmail.com
512,dcnj@gmail.com
513,rryq@gmail.com
514,bjdh@gmail.com
515,akypx@gmail.com
516,cqeqx@gmail.com
517,dzirw@gmail.com
518,yhi@gmail.com
519,rgk@gmail.com
520,r@gmail.com
521,tzk@gmail.com
522,zz@gmail.com
523,vv@gmail.com
524,ogv@gmail.com
525,evungb@gmail.com
526,cxxzzb@gmail.com
527,hax@gmail.com
528,fcx@gmail.com
529,gc@gmail.com
530,mj@gmail.com
531,lspqz@gmail.com
532,wosq@gmail.com
533,fjs@gmail.com
534,ndudio@gmail.com
535,fpcucdzm@gmail.com
536,f@gmail.com
537,yqcu@gmail.com
538,hgtdod@gmail.com
539,h@gmail.com
540,vet@gmail.com
541,yte@gmail.com
542,ct@gmail.com
543,iwm@gmail.com
544,kwyq@gmail.com
545,lxy@gmail.com
546,vwc@gmail.com
547,htufiscra@gmail.com
548,offui@gmail.com
549,yrfwi@gmail.com
550,y@gmail.com
551,y@gmail.com
552,y@gmail.com
553,y@gmail.com
554,dnzw@gmail.com
555,hfpq@gmail.com
556,tf@gmail.com
557,ld@gmail.com
558,anfo@gmail.com
559,bn@gmail.com
560,b@gmail.com
561,or@gmail.com
562,jr@gmail.com
563,dn@gmail.com
564,awjp@gmail.com
565,uvgb@gmail.com
566,sxhpopc@gmail.com
567,px@gmail.com
568,kcgucmc@gmail.com
569,cc@gmail.com
570,c@gmail.com
571,gr@gmail.com
572,tq@gmail.com
573,wa@gmail.com
574,io@gmail.com
575,in@gmail.com
576,on@gmail.com
577,wn@gmail.com
578,cnd@gmail.com
579,tn@gmail.com
580,rag@gmail.com
581,uhy@gmail.com
582,hej@gmail.com
583,oe@gmail.com
584,jlolym@gmail.com
585,eval@gmail.com
586,auml@gmail.com
587,yvm@gmail.com
588,ybh@gmail.com
589,untk@gmail.com
590,mauvv@gmail.com
591,ma@gmail.com
592,ua@gmail.com
593,vz@gmail.com
594,wz@gmail.com
595,ghvcd@gmail.com
596,zxv@gmail.com
597,ex@gmail.com
598,e@gmail.com
599,ft@gmail.com
600,tlw@gmail.com
601,ank@gmail.com
602,pak@gmail.com
603,xgxfz@gmail.com
604,msx@gmail.com
605,oik@gmail.com
606,wxr@gmail.com
607,lx@gmail.com
608,toelt@gmail.com
609,lkcqt@gmail.com
610,cavzt@gmail.com
611,uydbwpg@gmail.com
612,ty@gmail.com
613,lkyb@gmail.com
614,xuss@gmail.com
615,pjs@gmail.com
616,fj@gmail.com
617,dbby@gmail.com
618,kbb@gmail.com
619,aps@gmail.com
620,bjz@gmail.com
621,ej@gmail.com
622,jwqj@gmail.com
623,j@gmail.com
624,zcq@gmail.com
625,z@gmail.com
626,jzcp@gmail.com
627,opc@gmail.com
628,lic@gmail.com
629,yyvey@gmail.com
630,dajgy@gmail.com
631,d@gmail.com
632,pofrk@gmail.com
633,zsbck@gmail.com
634,ts@gmail.com
635,vroc@gmail.com
636,mfo@gmail.com
637,mrq@gmail.com
638,pr@gmail.com
639,maj@gmail.com
640,oej@gmail.com
641,iqj@gmail.com
642,cdj@gmail.com
643,ixsqni@gmail.com
644,tctq@gmail.com
645,rvt@gmail.com
646,wjqj@gmail.com
647,koq@gmail.com
648,k@gmail.com
649,k@gmail.com
650,nxh@gmail.com
651,abgd@gmail.com
652,tuvsr@gmail.com
653,tu@gmail.com
654,t@gmail.com
655,nxvqoqo@gmail.com
656,hmzq@gmail.com
657,rccowq@gmail.com
658,vhpnvq@gmail.com
659,tfvn@gmail.com
660,ff@gmail.com
661,qqyn@gmail.com
662,wfhn@gmail.com
663,w@gmail.com
664,rgqh@gmail.com
665,qg@gmail.com
666,zsqt@gmail.com
667,zqnt@gmail.com
668,aq@gmail.com
669,tyct@gmail.com
670,zjht@gmail.com
671,zlit@gmail.com
672,khst@gmail.com
673,ugs@gmail.com
674,eos@gmail.com
675,qo@gmail.com
676,moyt@gmail.com
677,tyst@gmail.com
678,nqydbfa@gmail.com
679,n@gmail.com
680,atpob@gmail.com
681,pdp@gmail.com
682,nrb@gmail.com
683,gdohs@gmail.com
684,ndo@gmail.com
685,tmo@gmail.com
686,t@gmail.com
687,q@gmail.com
688,q@gmail.com
689,q@gmail.com
690,jk@gmail.com
691,rh@gmail.com
692,oiyjxw@gmail.com
693,hqwpx@gmail.com
694,istp@gmail.com
695,afip@gmail.com
696,ssgp@gmail.com
697,es@gmail.com
698,cmmp@gmail.com
699,gm@gmail.com
700,qsdp@gmail.com
701,zdup@gmail.com
702,lpup@gmail.com
703,zwu@gmail.com
704,tcu@gmail.com
705,sau@gmail.com
706,ja@gmail.com
707,mew@gmail.com
708,pew@gmail.com
709,nbdgzc@gmail.com
710,cid@gmail.com
711,iygqlf@gmail.com
712,tdg@gmail.com
713,ajt@gmail.com
714,avashf@gmail.com
715,dlfs@gmail.com
716,hxsmvd@gmail.com
717,dx@gmail.com
718,nobm@gmail.com
719,llvm@gmail.com
720,l@gmail.com
721,ajwm@gmail.com
722,ercm@gmail.com
723,zzc@gmail.com
724,z@gmail.com
725,ytzixd@gmail.com
726,y@gmail.com
727,apoi@gmail.com
728,ip@gmail.com
729,mw@gmail.com
730,xriynd@gmail.com
731,x@gmail.com
732,ephvn@gmail.com
733,qfvnf@gmail.com
734,q@gmail.com
735,b@gmail.com
736,ptzn@gmail.com
737,fcz@gmail.com
738,kc@gmail.com
739,hdzhr@gmail.com
740,jxz@gmail.com
741,owceb@gmail.com
742,nw@gmail.com
743,gcpe@gmail.com
744,ybp@gmail.com
745,nqsv@gmail.com
746,xela@gmail.com
747,fiqn@gmail.com
748,gmqp@gmail.com
749,ujcp@gmail.com
750,u@gmail.com
751,ilvp@gmail.com
752,hl@gmail.com
753,hv@gmail.com
754,uv@gmail.com
755,jr@gmail.com
756,cvzh@gmail.com
757,qjmqy@gmail.com
758,tsoyy@gmail.com
759,ejqy@gmail.com
760,xj@gmail.com
761,oarjj@gmail.com
762,o@gmail.com
763,acgny@gmail.com
764,htfhy@gmail.com
765,pfoh@gmail.com
766,xvxh@gmail.com
767,oadh@gmail.com
768,gsd@gmail.com
769,zs@gmail.com
770,wzelx@gmail.com
771,vqe@gmail.com
772,ebi@gmail.com
773,qxi@gmail.com
774,xx@gmail.com
775,x@gmail.com
776,i@gmail.com
777,o@gmail.com
778,klat@gmail.com
779,zfzkuhg@gmail.com
780,bbz@gmail.com
781,hcinu@gmail.com
782,aai@gmail.com
783,jggfmin@gmail.com
784,gg@gmail.com
785,dg@gmail.com
786,oj@gmail.com
787,jn@gmail.com
788,zza@gmail.com
789,pna@gmail.com
790,cn@gmail.com
791,kl@gmail.com
792,ebf@gmail.com
793,yzdp@gmail.com
794,tkqp@gmail.com
795,szq@gmail.com
796,kwq@gmail.com
797,yw@gmail.com
798,ma@gmail.com
799,tytedkg@gmail.com
800,gnbjd@gmail.com
801,g@gmail.com
802,bxrwd@gmail.com
803,hyzad@gmail.com
804,jyxa@gmail.com
805,zvkym@gmail.com
806,rmjxt@gmail.com
807,egrx@gmail.com
808,fur@gmail.com
809,ssx@gmail.com
810,zzy@gmail.com
811,vz@gmail.com
812,xz@gmail.com
813,qaloo@gmail.com
814,ivfzd@gmail.com
815,batz@gmail.com
816,zodajpz@gmail.com
817,wo@gmail.com
818,aachj@gmail.com
819,gtisc@gmail.com
820,duerc@gmail.com
821,ssjxfa@gmail.com
822,vbj@gmail.com
823,yaj@gmail.com
824,cvj@gmail.com
825,odg@gmail.com
826,pzg@gmail.com
827,louh@gmail.com
828,itrv@gmail.com
829,ibr@gmail.com
830,johx@gmail.com
831,whdx@gmail.com
832,wxd@gmail.com
833,pau@gmail.com
834,xtj@gmail.com
835,qt@gmail.com
836,ae@gmail.com
837,wcydj@gmail.com
838,jc@gmail.com
839,uccewl@gmail.com
840,nvie@gmail.com
841,ov@gmail.com
842,o@gmail.com
843,qnxeyo@gmail.com
844,srboy@gmail.com
845,lqqly@gmail.com
846,dofl@gmail.com
847,d@gmail.com
848,d@gmail.com
849,t@gmail.com
850,ot@gmail.com
851,o@gmail.com
852,d@gmail.com
853,le@gmail.com
854,uag@gmail.com
855,wcu@gmail.com
856,nc@gmail.com
857,n@gmail.com
858,bmy@gmail.com
859,om@gmail.com
860,snke@gmail.com
861,bere@gmail.com
862,ue@gmail.com
863,aege@gmail.com
864,ye@gmail.com
865,amoof@gmail.com
866,ggo@gmail.com
867,jkw@gmail.com
868,cdw@gmail.com
869,bmq@gmail.com
870,hwh@gmail.com
871,h@gmail.com
872,h@gmail.com
873,x@gmail.com
874,ghsd@gmail.com
875,igzd@gmail.com
876,i@gmail.com
877,u@gmail.com
878,w@gmail.com
879,edfd@gmail.com
880,cqri@gmail.com
881,wrr@gmail.com
882,qes@gmail.com
883,q@gmail.com
884,q@gmail.com
885,rr@gmail.com
886,mmpp@gmail.com
887,ykzp@gmail.com
888,zk@gmail.com
889,tawh@gmail.com
890,azw@gmail.com
891,nbi@gmail.com
892,gjy@gmail.com
893,xbv@gmail.com
894,rnx@gmail.com
895,wguf@gmail.com
896,w@gmail.com
897,lpu@gmail.com
898,cluqk@gmail.com
899,xripk@gmail.com
900,jii@gmail.com
901,j@gmail.com
902,ydi@gmail.com
903,fvi@gmail.com
904,ztzik@gmail.com
905,xt@gmail.com
906,mt@gmail.com
907,xlxlcg@gmail.com
908,x@gmail.com
909,jevac@gmail.com
910,qxyei@gmail.com
911,vome@gmail.com
912,uioef@gmail.com
913,rkuqf@gmail.com
914,tk@gmail.com
915,imvq@gmail.com
916,dwv@gmail.com
917,mw@gmail.com
918,et@gmail.com
919,rlktv@gmail.com
920,fak@gmail.com
921,zyt@gmail.com
922,flk@gmail.com
923,esltv@gmail.com
924,jpaji@gmail.com
925,vzfnu@gmail.com
926,oyenx@gmail.com
927,orsix@gmail.com
928,dr@gmail.com
929,ixipht@gmail.com
930,zankjp@gmail.com
931,z@gmail.com
932,z@gmail.com
933,z@gmail.com
934,dhn@gmail.com
935,d@gmail.com
936,lun@gmail.com
937,l@gmail.com
938,can@gmail.com
939,ahkcsr@gmail.com
940,a@gmail.com
941,mak@gmail.com
942,figxs@gmail.com
943,zgjts@gmail.com
944,vg@gmail.com
945,bg@gmail.com
946,b@gmail.com
947,fm@gmail.com
948,dsp@gmail.com
949,okv@gmail.com
950,hk@gmail.com
951,fii@gmail.com
952,ai@gmail.com
953,a@gmail.com
954,q@gmail.com
955,tvg@gmail.com
956,xnc@gmail.com
957,x@gmail.com
958,jqv@gmail.com
959,erv@gmail.com
960,abt@gmail.com
961,btt@gmail.com
962,alt@gmail.com
963,nit@gmail.com
964,ovb@gmail.com
965,lxcg@gmail.com
966,hpzg@gmail.com
967,h@gmail.com
968,r@gmail.com
969,ha@gmail.com
970,yhllb@gmail.com
971,bkmmj@gmail.com
972,wpm@gmail.com
973,cqunj@gmail.com
974,rq@gmail.com
975,um@gmail.com
976,u@gmail.com
977,sib@gmail.com
978,ldodxj@gmail.com
979,fro@gmail.com
980,f@gmail.com
981,t@gmail.com
982,ecf@gmail.com
983,e@gmail.com
984,rruc@gmail.com
985,cr@gmail.com
986,akdc@gmail.com
987,psxe@gmail.com
988,muee@gmail.com
989,ahpm@gmail.com
990,yxcu@gmail.com
991,uzc@gmail.com
992,uisbm@gmail.com
993,pohdx@gmail.com
994,slh@gmail.com
995,evalx@gmail.com
996,xza@gmail.com
997,ez@gmail.com
998,vz@gmail.com
999,vcp@gmail.com